<?xml version="1.0" encoding="UTF-8"?>
<manifest xmlns:android="http://schemas.android.com/apk/res/android" android:versionCode="42" android:versionName="1.0.1" package="com.apphance.amebaTest.android">

    <uses-permission android:name="android.permission.INTERNET"/>
    

    

    <application android:label="@string/app_name">
        <activity android:label="@string/app_name" android:name="TestActivity">
            <intent-filter>
                <action android:name="android.intent.action.MAIN"/>
                <category android:name="android.intent.category.LAUNCHER"/>
            </intent-filter>
        </activity>

        

        
    </application>

</manifest>
